{"cameraMode":{"drawMode":0,"name":"Shaded","section":"Shading Mode"},"sceneLighting":true,"audioPlay":false,"sceneViewState":{"showFog":true,"showMaterialUpdate":false,"showSkybox":true,"showFlares":true,"showImageEffects":true,"showParticleSystems":true},"in2DMode":false,"pivot":{"x":0.10905683040618897,"y":1.0323846340179444,"z":-1.1638274192810059},"rotation":{"x":-0.18582649528980256,"y":0.3931030333042145,"z":-0.08144951611757279,"w":-0.8968427181243897},"size":2.2592902183532717,"orthographic":false}