{"cameraMode":{"drawMode":0,"name":"Shaded","section":"Shading Mode"},"sceneLighting":false,"audioPlay":false,"sceneViewState":{"showFog":true,"showMaterialUpdate":false,"showSkybox":false,"showFlares":true,"showImageEffects":true,"showParticleSystems":true},"in2DMode":false,"pivot":{"x":-2.1089649200439455,"y":-2.0967445373535158,"z":-16.484411239624025},"rotation":{"x":-0.15413808822631837,"y":0.8458243012428284,"z":-0.365928053855896,"w":-0.3563157916069031},"size":18.97134017944336,"orthographic":false}