{"cameraMode":{"drawMode":0,"name":"Shaded","section":"Shading Mode"},"sceneLighting":true,"audioPlay":false,"sceneViewState":{"showFog":true,"showMaterialUpdate":false,"showSkybox":true,"showFlares":true,"showImageEffects":true,"showParticleSystems":true},"in2DMode":false,"pivot":{"x":-0.652557373046875,"y":-6.588174819946289,"z":-6.79536247253418},"rotation":{"x":-0.32824772596359255,"y":-0.1972157210111618,"z":0.0702359676361084,"w":-0.9211457371711731},"size":23.03367805480957,"orthographic":false}