{"cameraMode":{"drawMode":0,"name":"Shaded","section":"Shading Mode"},"sceneLighting":false,"audioPlay":false,"sceneViewState":{"showFog":true,"showMaterialUpdate":false,"showSkybox":false,"showFlares":true,"showImageEffects":true,"showParticleSystems":true},"in2DMode":false,"pivot":{"x":-0.2693147659301758,"y":0.3189697265625,"z":4.443048477172852},"rotation":{"x":-0.007598915137350559,"y":0.9782222509384155,"z":-0.20421931147575379,"w":-0.03640627861022949},"size":11.24759578704834,"orthographic":false}