{"cameraMode":{"drawMode":0,"name":"Shaded","section":"Shading Mode"},"sceneLighting":false,"audioPlay":false,"sceneViewState":{"showFog":true,"showMaterialUpdate":false,"showSkybox":false,"showFlares":true,"showImageEffects":true,"showParticleSystems":true},"in2DMode":false,"pivot":{"x":0.057046353816986087,"y":2.5090537071228029,"z":3.713806629180908},"rotation":{"x":-0.021408045664429666,"y":0.9588810801506043,"z":-0.07524366676807404,"w":-0.2728251516819},"size":0.8793618083000183,"orthographic":false}