{"cameraMode":{"drawMode":0,"name":"Shaded","section":"Shading Mode"},"sceneLighting":true,"audioPlay":false,"sceneViewState":{"showFog":true,"showMaterialUpdate":false,"showSkybox":true,"showFlares":true,"showImageEffects":true,"showParticleSystems":true},"in2DMode":false,"pivot":{"x":0.0031173229217529299,"y":0.979864239692688,"z":-1.5691686868667603},"rotation":{"x":-0.059655092656612399,"y":0.9403438568115234,"z":-0.23491813242435456,"w":-0.2388072907924652},"size":4.221864700317383,"orthographic":false}