{"cameraMode":{"drawMode":0,"name":"Shaded","section":"Shading Mode"},"sceneLighting":true,"audioPlay":false,"sceneViewState":{"showFog":true,"showMaterialUpdate":false,"showSkybox":true,"showFlares":true,"showImageEffects":true,"showParticleSystems":true},"in2DMode":false,"pivot":{"x":-0.07335138320922852,"y":-4.59639835357666,"z":4.145000457763672},"rotation":{"x":-0.008381685242056847,"y":0.8994928002357483,"z":-0.4365137219429016,"w":-0.017271533608436586},"size":18.29557228088379,"orthographic":false}