{"cameraMode":{"drawMode":0,"name":"Shaded","section":"Shading Mode"},"sceneLighting":false,"audioPlay":false,"sceneViewState":{"showFog":true,"showMaterialUpdate":false,"showSkybox":false,"showFlares":true,"showImageEffects":true,"showParticleSystems":true},"in2DMode":false,"pivot":{"x":-0.962777853012085,"y":1.9041023254394532,"z":-14.242684364318848},"rotation":{"x":-0.06746728718280792,"y":0.9297690987586975,"z":-0.21604274213314057,"w":-0.29036372900009158},"size":7.56125020980835,"orthographic":false}