{"cameraMode":{"drawMode":0,"name":"Shaded","section":"Shading Mode"},"sceneLighting":false,"audioPlay":false,"sceneViewState":{"showFog":true,"showMaterialUpdate":false,"showSkybox":false,"showFlares":true,"showImageEffects":true,"showParticleSystems":true},"in2DMode":false,"pivot":{"x":0.0,"y":0.9547390937805176,"z":2.6429998874664308},"rotation":{"x":-0.02358979359269142,"y":-0.9293545484542847,"z":0.06031739339232445,"w":-0.36355796456336977},"size":3.6821250915527345,"orthographic":false}