{"cameraMode":{"drawMode":0,"name":"Shaded","section":"Shading Mode"},"sceneLighting":false,"audioPlay":false,"sceneViewState":{"showFog":true,"showMaterialUpdate":false,"showSkybox":false,"showFlares":true,"showImageEffects":true,"showParticleSystems":true},"in2DMode":false,"pivot":{"x":0.10126054286956787,"y":0.7232766151428223,"z":-0.0746116042137146},"rotation":{"x":-0.3734673857688904,"y":0.36026307940483096,"z":-0.16025212407112122,"w":-0.8396925926208496},"size":0.7624505758285523,"orthographic":true}