{"cameraMode":{"drawMode":0,"name":"Shaded","section":"Shading Mode"},"sceneLighting":false,"audioPlay":false,"sceneViewState":{"showFog":true,"showMaterialUpdate":false,"showSkybox":false,"showFlares":true,"showImageEffects":true,"showParticleSystems":true},"in2DMode":false,"pivot":{"x":0.074127197265625,"y":1.2655029296875,"z":2.013671875},"rotation":{"x":-0.015690594911575319,"y":-0.9826692342758179,"z":0.15606321394443513,"w":-0.09879841655492783},"size":3.331268072128296,"orthographic":true}