{"cameraMode":{"drawMode":0,"name":"Shaded","section":"Shading Mode"},"sceneLighting":true,"audioPlay":false,"sceneViewState":{"showFog":true,"showMaterialUpdate":false,"showSkybox":true,"showFlares":true,"showImageEffects":true,"showParticleSystems":true},"in2DMode":false,"pivot":{"x":0.16198277473449708,"y":4.582807540893555,"z":1.246280550956726},"rotation":{"x":-0.0059273396618664269,"y":-0.9662632346153259,"z":0.2565295398235321,"w":-0.02232716605067253},"size":9.185916900634766,"orthographic":false}